ID;FirstName;LastName;Patronymic;Birthday;RegistrationDate;Email;Phone;GenderCode;PhotoPath
2;Оскар;Васильев;Богданович;30.01.1971;28.05.2017;miturria@verizon.net;75858019429 ;1;
3;Алексей;Лазарев;Богданович;10.03.1977;02.01.2017;claesjac@me.com;700557373748 ;1;
4;Дмитрий;Казаков;Русланович;15.12.1978;21.05.2016;ozawa@verizon.net;7516821940 ;1;
5;Харита;Попова;Якуновна;16.12.1997;05.07.2016;firstpr@verizon.net;73353868106 ;2;
6;Георгина;Турова;Семёновна;28.05.1974;22.02.2018;yruan@optonline.net;75553214299 ;2;
7;Станислав;Андреев;Максович;10.10.1975;26.12.2017;budinger@mac.com;7029939128 ;1;
8;Влада;Орлова;Мартыновна;26.06.1990;21.03.2016;rnelson@yahoo.ca;725064333835 ;2;
9;Любава;Костина;Авксентьевна;13.07.1972;26.02.2016;gordonjcp@hotmail.com;764199592187 ;2;
10;Станислав;Александров;Эдуардович;04.07.1981;08.11.2018;bigmauler@aol.com;7181640512 ;1;
11;Анэля;Корнилова;Михайловна;02.04.1973;22.05.2016;jonathan@aol.com;7209800160 ;2;
12;Наум;Морозов;Валерьянович;04.07.1985;02.05.2016;salesgeek@mac.com;76360509613 ;1;
13;Эльмира;Баранова;Дмитриевна;15.01.1977;08.07.2016;jgmyers@comcast.net;792406431550 ;2;
14;Амелия;Степанова;Робертовна;06.06.1970;27.09.2017;rasca@hotmail.com;712174412842 ;2;
15;Давид;Горбачёв;Тимурович;22.05.1983;17.12.2018;hedwig@att.net;7536028541 ;1;
16;Людвиг;Волков;Витальевич;27.12.1977;27.04.2016;jrkorson@msn.com;784595920558 ;1;
17;Амалия;Комиссарова;Робертовна;18.08.1971;04.08.2017;jorgb@msn.com;7226474632 ;2;
18;Вадим;Большаков;Данилович;15.05.1970;04.08.2018;uncle@gmail.com;73866411337 ;1;
19;Станислав;Абрамов;Филатович;18.05.1989;08.12.2016;solomon@att.net;765454788779 ;1;
20;Леонтий;Журавлёв;Яковлевич;02.03.2000;15.01.2018;cmdrgravy@me.com;744033085696 ;1;
21;Глеб;Селиверстов;Максимович;20.06.1999;07.01.2016;jigsaw@sbcglobal.net;7205542868 ;1;
22;Устин;Киселёв;Яковлевич;08.01.1985;21.06.2018;dalamb@verizon.net;7833345276 ;1;
23;Матвей;Зуев;Иванович;28.03.1981;18.12.2018;brickbat@verizon.net;753838930466 ;1;
24;Глеб;Ершов;Федорович;14.06.1970;14.09.2016;sjava@aol.com;726082984082 ;1;
25;Георгий;Бобылёв;Витальевич;19.12.1983;06.04.2018;csilvers@mac.com;7886851351 ;1;
26;Витольд;Ефремов;Авксентьевич;02.12.1975;09.04.2018;kwilliams@yahoo.ca;7939221403 ;1;
27;Патрисия;Андреева;Валерьевна;18.11.1993;17.07.2016;jigsaw@aol.com;796489538126 ;2;
28;Магда;Ефимова;Платоновна;16.08.1995;01.08.2017;rbarreira@me.com;792613861592 ;2;
29;Иосиф;Голубев;Тимофеевич;06.05.1982;18.08.2018;smcnabb@att.net;7789727311 ;1;
30;Макар;Евсеев;Васильевич;13.09.1977;05.12.2018;parsimony@sbcglobal.net;721410778570 ;1;
31;Агафон;Бобров;Лаврентьевич;29.07.1995;09.05.2017;petersen@comcast.net;721595073957 ;1;
32;Захар;Игнатов;Павлович;07.10.1998;10.11.2017;dieman@icloud.com;75785747336 ;1;
33;Янита;Гущина;Федоровна;02.03.1999;01.02.2018;lishoy@att.net;745447166896 ;2;
34;Артур;Калашников;Юрьевич;13.12.1972;20.08.2017;oevans@aol.com;71479474721 ;1;
35;Элина;Дмитриева;Даниловна;10.12.1988;11.02.2017;vmalik@live.com;77871404884 ;2;
36;Сандра;Федотова;Владленовна;29.03.1985;08.11.2016;penna@verizon.net;71261952586 ;2;
37;Дэнна;Кузьмина;Витальевна;24.08.1993;27.03.2016;nichoj@mac.com;799409774573 ;2;
38;Злата;Колобова;Романовна;25.08.1994;03.12.2016;sinkou@aol.com;7508840735 ;2;
39;Варлам;Некрасов;Михайлович;12.11.2000;03.12.2017;dogdude@verizon.net;70192580635 ;1;
40;Орест;Колобов;Юлианович;14.07.2001;01.01.2017;parkes@verizon.net;716805085826 ;1;
41;Пантелеймон;Блохин;Феликсович;06.03.1978;14.02.2018;balchen@comcast.net;795245564898 ;1;
42;Петр;Калинин;Иванович;08.09.1993;26.05.2016;aschmitz@hotmail.com;7903160717 ;1;
43;Сабрина;Беляева;Федосеевна;26.07.1972;14.06.2017;agapow@gmail.com;765805343258 ;2;
44;Юстиниан;Агафонов;Олегович;02.02.1997;08.06.2016;staffelb@sbcglobal.net;73038102878 ;1;
45;Марфа;Мамонтова;Мироновна;19.10.1984;27.02.2018;rfoley@verizon.net;7380956418 ;2;
46;Евгений;Блинов;Мэлсович;05.01.1994;07.05.2017;moxfulder@outlook.com;708523218264 ;1;
47;Изабелла;Воронова;Вячеславовна;24.09.1999;21.12.2017;kildjean@sbcglobal.net;7174334498 ;2;
48;Святослав;Медведев;Юлианович;04.10.1972;13.10.2018;hllam@comcast.net;735204352120 ;1;
49;Эвелина;Куликова;Вячеславовна;14.11.1997;01.02.2018;ilikered@hotmail.com;702366824278 ;2;
50;Божена;Суворова;Анатольевна;09.03.1981;28.01.2016;attwood@aol.com;73478958657 ;2;
51;Амалия;Егорова;Дамировна;28.09.1999;30.06.2016;drezet@yahoo.com;774864081226 ;2;
